Name,Team,PA,Events,EV,maxEV,LA,Barrels,Barrel%,HardHit,HardHit%,AVG,xBA,SLG,xSLG,wOBA,xwOBA,playerid
Joey Gallo,TEX,109,50,98.9,115.4,20.6,16,32.00%,33,66.00%,0.264,,0.678,,0.431,,14128
Aaron Judge,NYY,89,48,98.4,118.1,13,9,18.80%,32,66.70%,0.288,,0.521,,0.386,,15640
Nelson Cruz,MIN,91,55,96.2,115.2,19,8,14.50%,30,54.50%,0.295,,0.564,,0.398,,2434
Gordon Beckham,DET,47,23,95.6,109.3,18.5,5,21.70%,15,65.20%,0.22,,0.512,,0.346,,9015
Gary Sanchez,NYY,67,42,95.3,114,23,14,33.30%,22,52.40%,0.233,,0.667,,0.393,,11442
Yoan Moncada,CHW,115,79,95,113.3,11.5,12,15.20%,37,46.80%,0.314,,0.571,,0.392,,17232
Christian Walker,ARI,113,68,94.9,112.4,14.6,10,14.70%,41,60.30%,0.307,,0.614,,0.406,,13419
Carter Kieboom,WSN,21,12,94.9,108.6,10.8,1,8.30%,7,58.30%,0.158,,0.474,,0.292,,19958
Christian Yelich,MIL,124,83,94.7,116.3,13.2,16,19.30%,45,54.20%,0.353,,0.804,,0.492,,11477
Franmil Reyes,SDP,91,64,94.6,115,15.9,13,20.30%,33,51.60%,0.232,,0.561,,0.34,,14566
Carlos Santana,CLE,114,77,94.5,112.8,5.2,5,6.50%,41,53.20%,0.316,,0.463,,0.374,,2396
Anthony Rendon,WSN,86,59,94.4,107.7,19.8,11,18.60%,38,64.40%,0.356,,0.74,,0.473,,12861
Patrick Wisdom,TEX,28,12,94.3,102,21.8,0,0.00%,6,50.00%,0.154,,0.192,,0.167,,13602
Yasmani Grandal,MIL,104,70,94.3,110.8,10.4,7,10.00%,35,50.00%,0.283,,0.5,,0.359,,11368
Alex Avila,ARI,21,10,94.3,101.6,13.1,2,20.00%,7,70.00%,0.333,,0.8,,0.514,,7476
Michael A. Taylor,WSN,20,6,94.1,106.6,9.6,1,16.70%,3,50.00%,0.2,,0.267,,0.301,,11489
Josh Donaldson,ATL,119,65,94,112.5,8.8,10,15.40%,35,53.80%,0.258,,0.495,,0.379,,5038
Tommy Pham,TBR,125,84,93.8,111.3,3.7,7,8.30%,48,57.10%,0.294,,0.461,,0.378,,2967
Cody Bellinger,LAD,132,97,93.7,110.6,12.7,15,15.50%,52,53.60%,0.431,,0.89,,0.547,,15998
Josh Bell,PIT,113,73,93.7,113.3,10.5,9,12.30%,38,52.10%,0.286,,0.592,,0.386,,13145
Hunter Dozier,KCR,103,69,93.6,113.5,16.8,9,13.00%,31,44.90%,0.349,,0.686,,0.458,,15117
Shin-Soo Choo,TEX,117,80,93.5,110.9,11,4,5.00%,42,52.50%,0.333,,0.569,,0.413,,3174
Kyle Schwarber,CHC,91,56,93.2,117.4,10.9,8,14.30%,27,48.20%,0.241,,0.434,,0.314,,16478
Mike Zunino,TBR,70,49,93.1,116.1,21.4,7,14.30%,24,49.00%,0.224,,0.418,,0.281,,13265
Howie Kendrick,WSN,63,45,93.1,111.4,12.6,7,15.60%,25,55.60%,0.314,,0.608,,0.404,,4229
Javier Baez,CHC,123,83,93,111,12,12,14.50%,44,53.00%,0.302,,0.612,,0.385,,12979
Kendrys Morales,OAK,88,62,93,111.2,15.2,7,11.30%,33,53.20%,0.162,,0.216,,0.237,,8610
Joc Pederson,LAD,110,72,93,112.2,13.7,10,13.90%,34,47.20%,0.239,,0.62,,0.394,,11899
Brad Miller,CLE,40,26,92.9,110.3,17.1,2,7.70%,12,46.20%,0.25,,0.417,,0.317,,12775
Byron Buxton,MIN,86,58,92.9,113.4,22.4,4,6.90%,28,48.30%,0.25,,0.463,,0.315,,14161
Mitch Moreland,BOS,100,70,92.9,114,12.2,13,18.60%,37,52.90%,0.213,,0.539,,0.337,,3086
Marcell Ozuna,STL,114,75,92.9,115.3,13.3,12,16.00%,33,44.00%,0.26,,0.61,,0.387,,10324
George Springer,HOU,135,83,92.9,114.2,10.2,13,15.70%,48,57.80%,0.274,,0.564,,0.383,,12856
Rowdy Tellez,TOR,86,51,92.8,115.2,14.1,8,15.70%,25,49.00%,0.221,,0.455,,0.311,,15679
J.D. Martinez,BOS,120,89,92.7,111.6,12.8,10,11.20%,41,46.10%,0.324,,0.495,,0.372,,6184
Jose Abreu,CHW,117,78,92.6,111.1,15.8,15,19.20%,45,57.70%,0.279,,0.5,,0.353,,15676
Wil Myers,SDP,107,62,92.6,110.5,14.9,6,9.70%,27,43.50%,0.248,,0.446,,0.308,,10047
Todd Frazier,NYM,30,19,92.6,106.9,23.8,2,10.50%,8,42.10%,0.207,,0.414,,0.269,,785
Trevor Story,COL,131,86,92.5,109,18.6,6,7.00%,46,53.50%,0.28,,0.517,,0.358,,12564
Lucas Duda,KCR,56,34,92.4,107.4,26.6,6,17.60%,17,50.00%,0.174,,0.326,,0.272,,2502
Ryan O'Hearn,KCR,99,60,92.4,111.2,13,6,10.00%,33,55.00%,0.167,,0.333,,0.266,,16442
Franchy Cordero,SDP,20,9,92.4,102.3,19.5,0,0.00%,3,33.30%,0.333,,0.4,,0.373,,14567
Renato Nunez,BAL,117,77,92.4,112.7,18.3,10,13.00%,35,45.50%,0.266,,0.477,,0.33,,14503
Luke Voit,NYY,130,78,92.3,112.6,12.8,16,20.50%,33,42.30%,0.275,,0.523,,0.387,,14811
Jay Bruce,SEA,103,59,92.2,109.2,22.3,11,18.60%,27,45.80%,0.187,,0.527,,0.324,,9892
DJ LeMahieu,NYY,113,88,92.2,110.4,8.9,3,3.40%,44,50.00%,0.31,,0.43,,0.337,,9874
Miguel Cabrera,DET,117,73,92.1,111.2,10.3,6,8.20%,38,52.10%,0.282,,0.359,,0.316,,1744
Peter O'Brien,MIA,30,13,92.1,108.6,9.2,1,7.70%,6,46.20%,0.111,,0.222,,0.192,,13288
Jason Martin,PIT,38,25,92.1,108.4,4.4,2,8.00%,13,52.00%,0.229,,0.286,,0.256,,16429
Phil Gosselin,PHI,22,17,92.1,103.6,11.2,1,5.90%,7,41.20%,0.227,,0.273,,0.213,,10953
Mike Ford,NYY,32,16,92,107.7,17,1,6.30%,8,50.00%,0.167,,0.333,,0.302,,15585
Jorge Alfaro,MIA,83,46,91.9,113.7,5.4,5,10.90%,24,52.20%,0.286,,0.481,,0.346,,12180
Max Kepler,MIN,102,73,91.9,112.5,16.8,7,9.60%,32,43.80%,0.278,,0.567,,0.378,,12144
Avisail Garcia,TBR,104,66,91.9,115.4,10.2,10,15.20%,28,42.40%,0.247,,0.443,,0.308,,5760
Matt Chapman,OAK,131,96,91.8,113.1,15.5,9,9.40%,38,39.60%,0.282,,0.564,,0.39,,16505
Hunter Pence,TEX,62,47,91.8,113.1,4.7,4,8.50%,19,40.40%,0.304,,0.518,,0.363,,8252
Chris Davis,BAL,75,40,91.7,108.1,13.5,6,15.00%,21,52.50%,0.176,,0.353,,0.255,,9272
Eric Thames,MIL,63,34,91.7,109.1,18.9,4,11.80%,17,50.00%,0.273,,0.564,,0.375,,3711
Jeff McNeil,NYM,116,89,91.7,107.2,13.2,3,3.40%,35,39.30%,0.37,,0.5,,0.408,,15362
Matt Adams,WSN,54,33,91.7,112.1,12.2,6,18.20%,17,51.50%,0.275,,0.549,,0.343,,9393
Daniel Vogelbach,SEA,93,52,91.7,112.7,18.9,7,13.50%,23,44.20%,0.31,,0.732,,0.476,,14130
Tyler Austin,- - -,34,13,91.7,103.9,8.8,1,7.70%,6,46.20%,0.286,,0.321,,0.337,,11850
Michael Perez,TBR,41,20,91.5,103.2,9.3,1,5.00%,9,45.00%,0.257,,0.371,,0.326,,12977
J.D. Davis,NYM,74,51,91.5,114.7,9.8,6,11.80%,25,49.00%,0.302,,0.508,,0.388,,16219
Nick Markakis,ATL,121,90,91.5,114.7,6.5,2,2.20%,41,45.60%,0.33,,0.476,,0.371,,5930
Rafael Devers,BOS,118,83,91.4,113.4,5.5,1,1.20%,37,44.60%,0.294,,0.373,,0.335,,17350
Andrelton Simmons,LAA,124,110,91.4,108.8,10.5,4,3.60%,50,45.50%,0.289,,0.446,,0.316,,10847
J.T. Realmuto,PHI,114,78,91.4,112.9,9.3,7,9.00%,35,44.90%,0.28,,0.44,,0.334,,11739
Austin Meadows,TBR,83,56,91.4,115.4,16.6,7,12.50%,22,39.30%,0.351,,0.676,,0.444,,15672
John Hicks,DET,54,36,91.3,112.5,13.9,3,8.30%,17,47.20%,0.306,,0.469,,0.357,,12547
Dansby Swanson,ATL,112,74,91.3,108.4,11.2,9,12.20%,34,45.90%,0.26,,0.521,,0.35,,18314
Ronny Rodriguez,DET,32,22,91.3,103.3,17.3,3,13.60%,11,50.00%,0.276,,0.69,,0.391,,11875
Jung Ho Kang,PIT,81,47,91.3,111.1,11.2,4,8.50%,20,42.60%,0.16,,0.36,,0.246,,17182
Mitch Garver,MIN,50,33,91.3,107.2,5.4,3,9.10%,16,48.50%,0.348,,0.761,,0.468,,15161
Ryan McMahon,COL,76,47,91.3,112.9,11.2,2,4.30%,21,44.70%,0.224,,0.343,,0.291,,15112
Justin Smoak,TOR,109,67,91.3,108.8,18.5,8,11.90%,29,43.30%,0.264,,0.462,,0.365,,9054
Cole Tucker,PIT,38,24,91.2,105.9,6.6,1,4.20%,14,58.30%,0.25,,0.417,,0.287,,17326
Kevan Smith,LAA,47,35,91.2,109.9,3,3,8.60%,14,40.00%,0.268,,0.415,,0.338,,12284
Freddie Freeman,ATL,133,86,91.2,112,14.7,12,14.00%,40,46.50%,0.3,,0.5,,0.392,,5361
Brandon Lowe,TBR,100,58,91.2,114.3,12.9,6,10.30%,27,46.60%,0.289,,0.567,,0.377,,18882
Andrew McCutchen,PHI,131,76,91.2,109.4,11.1,7,9.20%,34,44.70%,0.241,,0.454,,0.356,,9847
Yandy Diaz,TBR,114,77,91.2,112.2,3.9,8,10.40%,33,42.90%,0.298,,0.596,,0.403,,16578
Bryan Reynolds,PIT,26,20,91.2,107.3,12.9,1,5.00%,9,45.00%,0.423,,0.731,,0.476,,19326
Pete Alonso,NYM,123,72,91.1,118.3,12.5,14,19.40%,35,48.60%,0.292,,0.642,,0.416,,19251
Eric Hosmer,SDP,120,83,91.1,108.4,7.8,6,7.20%,38,45.80%,0.252,,0.441,,0.313,,3516
Ben Gamel,MIL,65,35,91,107.1,10.4,2,5.70%,13,37.10%,0.273,,0.418,,0.345,,12160
Bryce Harper,PHI,129,66,91,114.3,12.1,8,12.10%,30,45.50%,0.24,,0.49,,0.364,,11579
Jesse Winker,CIN,103,73,91,107.8,10.2,4,5.50%,29,39.70%,0.228,,0.511,,0.338,,13590
Michael Conforto,NYM,129,76,90.9,112.2,18.7,10,13.20%,30,39.50%,0.269,,0.519,,0.384,,16376
James McCann,CHW,60,43,90.9,112,15.5,1,2.30%,16,37.20%,0.357,,0.536,,0.395,,12859
Mike Trout,LAA,119,72,90.9,116.6,17.5,13,18.10%,32,44.40%,0.294,,0.565,,0.428,,10155
Daniel Descalso,CHC,86,55,90.8,104.9,14.3,3,5.50%,20,36.40%,0.263,,0.408,,0.328,,8392
Austin Romine,NYY,47,36,90.8,110.7,11.9,2,5.60%,20,55.60%,0.244,,0.333,,0.254,,5491
Ji-Man Choi,TBR,80,52,90.8,110.1,7.5,5,9.60%,22,42.30%,0.299,,0.463,,0.369,,5452
Wilson Ramos,NYM,99,75,90.8,109.2,0.3,2,2.70%,34,45.30%,0.247,,0.303,,0.266,,1433
Justin Turner,LAD,124,83,90.7,107.4,13.4,5,6.00%,37,44.60%,0.279,,0.337,,0.321,,5235
Jose Ramirez,CLE,121,89,90.7,108.1,18.1,7,7.90%,30,33.70%,0.181,,0.276,,0.248,,13510
Jason Castro,MIN,39,22,90.7,110.1,21.5,4,18.20%,9,40.90%,0.194,,0.419,,0.339,,8722
Manny Machado,SDP,120,76,90.7,109.9,8.9,4,5.30%,32,42.10%,0.236,,0.368,,0.304,,11493
JaCoby Jones,DET,56,32,90.7,109,16.8,3,9.40%,13,40.60%,0.137,,0.216,,0.197,,14818
Nomar Mazara,TEX,108,79,90.7,112.1,9.6,7,8.90%,32,40.50%,0.242,,0.465,,0.323,,14553
Marwin Gonzalez,MIN,86,57,90.7,107.7,8.6,4,7.00%,25,43.90%,0.167,,0.256,,0.225,,5497
Ronald Guzman,TEX,28,16,90.6,109.1,16.8,4,25.00%,9,56.30%,0.231,,0.615,,0.362,,14388
Evan Longoria,SFG,109,81,90.6,109.5,16.7,5,6.20%,37,45.70%,0.212,,0.375,,0.262,,9368
Niko Goodrum,DET,98,59,90.6,109.4,14.4,8,13.60%,29,49.20%,0.238,,0.45,,0.349,,12092
Max Moroff,CLE,34,16,90.5,106.8,27.4,1,6.30%,6,37.50%,0.129,,0.258,,0.19,,14556
A.J. Pollock,LAD,115,82,90.5,107,12,4,4.90%,34,41.50%,0.223,,0.33,,0.264,,9256
Michael Chavis,BOS,39,22,90.5,110.2,15.3,4,18.20%,8,36.40%,0.313,,0.625,,0.439,,17321
Rougned Odor,TEX,69,36,90.5,111.7,20.6,1,2.80%,12,33.30%,0.145,,0.226,,0.209,,12282
Enrique Hernandez,LAD,111,72,90.5,111.4,18.3,7,9.70%,31,43.10%,0.258,,0.505,,0.35,,10472
Elvis Andrus,TEX,120,85,90.5,110.2,5.6,4,4.70%,36,42.40%,0.361,,0.583,,0.422,,8709
Robinson Cano,NYM,108,78,90.4,112.1,13.7,8,10.30%,31,39.70%,0.27,,0.43,,0.321,,3269
Tyler Flowers,ATL,59,35,90.4,108.6,16.8,4,11.40%,16,45.70%,0.34,,0.547,,0.402,,9134
Amed Rosario,NYM,113,80,90.4,110.3,8.8,6,7.50%,36,45.00%,0.274,,0.406,,0.305,,15518
Xander Bogaerts,BOS,123,82,90.4,111.7,17.6,5,6.10%,31,37.80%,0.271,,0.467,,0.349,,12161
Yonder Alonso,CHW,100,69,90.4,107.8,16.9,6,8.70%,34,49.30%,0.19,,0.405,,0.31,,2530
Alex Gordon,KCR,124,92,90.4,110.3,10.4,10,10.90%,38,41.30%,0.301,,0.544,,0.388,,5209
Juan Soto,WSN,125,73,90.3,112.7,10.2,9,12.30%,32,43.80%,0.248,,0.467,,0.357,,20123
Brandon Drury,TOR,106,63,90.3,112.5,12.4,10,15.90%,29,46.00%,0.22,,0.44,,0.293,,11615
Adalberto Mondesi,KCR,126,86,90.3,108.4,14.2,9,10.50%,31,36.00%,0.287,,0.504,,0.331,,13769
Kole Calhoun,LAA,121,77,90.3,108.4,15.3,10,13.00%,36,46.80%,0.194,,0.435,,0.298,,11200
Daniel Robertson,TBR,88,53,90.3,105.7,6.6,0,0.00%,21,39.60%,0.179,,0.256,,0.241,,14145
Jose Martinez,STL,82,63,90.2,110.4,10.3,4,6.30%,24,38.10%,0.364,,0.468,,0.365,,7996
Jason Heyward,CHC,101,69,90.2,111.8,13,4,5.80%,28,40.60%,0.309,,0.506,,0.389,,4940
Rhys Hoskins,PHI,128,71,90.2,107.2,23.8,6,8.50%,33,46.50%,0.279,,0.587,,0.415,,16472
Nick Castellanos,DET,109,69,90.2,106,17.4,8,11.60%,29,42.00%,0.273,,0.455,,0.33,,11737
Harrison Bader,STL,63,30,90.1,110.7,13.3,3,10.00%,11,36.70%,0.224,,0.429,,0.353,,18030
Kurt Suzuki,WSN,53,41,90.1,107.3,16.7,1,2.40%,16,39.00%,0.25,,0.396,,0.297,,8259
Ryan Cordell,CHW,42,25,90.1,109.2,16.6,3,12.00%,10,40.00%,0.25,,0.472,,0.353,,15181
Carlos Correa,HOU,116,74,90.1,112.8,11.3,10,13.50%,35,47.30%,0.298,,0.558,,0.38,,14162
Ryon Healy,SEA,130,92,90,109.9,17.4,8,8.70%,33,35.90%,0.233,,0.474,,0.32,,15447
Jackie Bradley Jr.,BOS,99,60,90,109.2,9.3,1,1.70%,24,40.00%,0.148,,0.182,,0.189,,12984
Teoscar Hernandez,TOR,103,66,90,109.7,16.4,5,7.60%,26,39.40%,0.217,,0.337,,0.269,,13066
Mike Tauchman,NYY,71,41,89.9,109.8,6.5,3,7.30%,15,36.60%,0.177,,0.387,,0.287,,15274
Ian Desmond,COL,98,67,89.9,112.5,12.4,9,13.40%,27,40.30%,0.196,,0.37,,0.252,,6885
Gleyber Torres,NYY,123,89,89.9,106.7,15.1,6,6.70%,41,46.10%,0.272,,0.465,,0.319,,16997
Tom Murphy,SEA,30,16,89.9,102.9,26.7,0,0.00%,4,25.00%,0.37,,0.704,,0.465,,13499
Tyler Naquin,CLE,73,49,89.9,110.5,13.3,3,6.10%,20,40.80%,0.257,,0.371,,0.276,,13359
Brian Anderson,MIA,121,81,89.8,109.2,12.4,4,4.90%,39,48.10%,0.243,,0.336,,0.296,,18289
Stephen Piscotty,OAK,136,91,89.8,111.2,15.2,8,8.80%,35,38.50%,0.256,,0.413,,0.318,,13367
Matt Carpenter,STL,125,74,89.8,108.9,26.4,5,6.80%,21,28.40%,0.202,,0.356,,0.301,,8090
Russell Martin,LAD,27,18,89.8,107.5,15.3,1,5.60%,9,50.00%,0.3,,0.5,,0.4,,4616
Eddie Rosario,MIN,112,87,89.8,107.8,17,13,14.90%,28,32.20%,0.238,,0.6,,0.358,,12155
Pablo Sandoval,SFG,46,34,89.8,112.4,9.9,4,11.80%,17,50.00%,0.283,,0.587,,0.353,,5409
Danny Santana,TEX,63,45,89.8,111.2,13.6,3,6.70%,23,51.10%,0.339,,0.542,,0.371,,10322
Clint Frazier,NYY,73,54,89.8,107.4,14.9,6,11.10%,19,35.20%,0.324,,0.632,,0.393,,15983
Ryan Braun,MIL,105,73,89.7,110.7,8.2,8,11.00%,31,42.50%,0.196,,0.381,,0.267,,3410
Jesus Aguilar,MIL,92,62,89.7,110.3,14.1,5,8.10%,21,33.90%,0.163,,0.3,,0.238,,11342
Kris Bryant,CHC,121,79,89.7,111.2,17,8,10.10%,30,38.00%,0.23,,0.42,,0.336,,15429
Brandon Belt,SFG,114,70,89.7,106.5,25.2,10,14.30%,32,45.70%,0.237,,0.495,,0.356,,10264
Jordy Mercer,DET,51,36,89.6,106.7,16.3,4,11.10%,17,47.20%,0.234,,0.319,,0.269,,6547
Roberto Perez,CLE,70,40,89.6,109.8,7.4,4,10.00%,20,50.00%,0.213,,0.344,,0.275,,2900
Carson Kelly,ARI,53,38,89.6,105.2,11.6,0,0.00%,15,39.50%,0.196,,0.333,,0.237,,13620
Mookie Betts,BOS,132,94,89.6,108.8,16.6,9,9.60%,38,40.40%,0.295,,0.527,,0.38,,13611
Brandon Nimmo,NYM,105,51,89.6,109.9,16.7,2,3.90%,18,35.30%,0.233,,0.384,,0.328,,12927
Steve Pearce,BOS,43,23,89.6,105.5,16.7,0,0.00%,5,21.70%,0.103,,0.128,,0.141,,9957
Alex Verdugo,LAD,72,61,89.6,107.6,10.3,4,6.60%,23,37.70%,0.333,,0.623,,0.404,,17027
Gio Urshela,NYY,66,50,89.6,106.9,13.6,1,2.00%,18,36.00%,0.345,,0.5,,0.385,,10681
Ronald Acuna Jr.,ATL,128,80,89.5,114.3,12,6,7.50%,35,43.80%,0.276,,0.495,,0.375,,18401
David Peralta,ARI,132,92,89.5,112.2,8,5,5.40%,37,40.20%,0.317,,0.537,,0.368,,2136
JT Riddle,MIA,32,21,89.5,103,14.8,2,9.50%,6,28.60%,0.156,,0.344,,0.203,,17642
Jason Kipnis,CLE,50,37,89.5,103.4,12.9,0,0.00%,14,37.80%,0.2,,0.222,,0.232,,9776
Johan Camargo,ATL,71,52,89.5,108.1,17.2,1,1.90%,21,40.40%,0.231,,0.369,,0.28,,14950
Starlin Castro,MIA,122,95,89.5,108.4,7.3,4,4.20%,40,42.10%,0.248,,0.336,,0.28,,4579
Carlos Gonzalez,CLE,51,34,89.5,114,-1.2,3,8.80%,14,41.20%,0.261,,0.391,,0.315,,7287
Buster Posey,SFG,97,73,89.5,107.3,11.3,4,5.50%,32,43.80%,0.25,,0.398,,0.301,,9166
Paul Goldschmidt,STL,132,82,89.5,109.1,16.3,13,15.90%,32,39.00%,0.259,,0.517,,0.36,,9218
Khris Davis,OAK,130,84,89.5,109.9,15.2,12,14.30%,31,36.90%,0.218,,0.487,,0.314,,9112
Whit Merrifield,KCR,130,99,89.4,104.8,14.4,5,5.10%,36,36.40%,0.288,,0.483,,0.342,,11281
Curtis Granderson,MIA,94,50,89.4,107,24.7,7,14.00%,17,34.00%,0.188,,0.4,,0.291,,4747
Yasiel Puig,CIN,106,74,89.4,111,14.9,6,8.10%,26,35.10%,0.192,,0.354,,0.242,,14225
Juan Lagares,NYM,63,38,89.4,108.6,1.6,1,2.60%,14,36.80%,0.218,,0.309,,0.275,,5384
Melky Cabrera,PIT,88,74,89.4,109.9,10.8,2,2.70%,23,31.10%,0.329,,0.494,,0.353,,4022
Dustin Pedroia,BOS,21,18,89.4,98.2,8.7,0,0.00%,4,22.20%,0.1,,0.1,,0.116,,8370
Yolmer Sanchez,CHW,72,46,89.4,107.5,10.9,0,0.00%,17,37.00%,0.234,,0.266,,0.258,,11602
Jake Marisnick,HOU,49,31,89.4,108.1,0.2,1,3.20%,15,48.40%,0.267,,0.467,,0.335,,11339
Ketel Marte,ARI,125,93,89.3,114.3,10.2,8,8.60%,34,36.60%,0.25,,0.483,,0.322,,13613
Fernando Tatis Jr.,SDP,111,69,89.3,110.1,8.8,9,13.00%,28,40.60%,0.3,,0.55,,0.377,,19709
Mike Moustakas,MIL,102,69,89.3,112.9,22.7,11,15.90%,28,40.60%,0.267,,0.556,,0.377,,4892
Michael Brantley,HOU,129,105,89.3,108.4,8.2,5,4.80%,39,37.10%,0.331,,0.517,,0.374,,4106
Brett Gardner,NYY,120,91,89.3,106,15.3,2,2.20%,32,35.20%,0.221,,0.423,,0.321,,9927
Hunter Renfroe,SDP,82,57,89.3,111.1,15.8,6,10.50%,21,36.80%,0.24,,0.573,,0.349,,15464
Matt Joyce,ATL,30,19,89.2,104.4,22.1,3,15.80%,7,36.80%,0.259,,0.593,,0.378,,3353
David Bote,CHC,74,50,89.2,113.8,8,4,8.00%,20,40.00%,0.277,,0.508,,0.368,,14593
Gregory Polanco,PIT,29,20,89.2,108.8,15.6,0,0.00%,4,20.00%,0.269,,0.308,,0.293,,12907
Travis Shaw,MIL,110,60,89.2,110.8,17.7,5,8.30%,25,41.70%,0.194,,0.347,,0.267,,11982
Kevin Plawecki,CLE,33,21,89.2,103.2,21.1,1,4.80%,6,28.60%,0.222,,0.444,,0.348,,13807
Ramon Laureano,OAK,117,75,89.1,111.6,12.5,8,10.70%,26,34.70%,0.234,,0.355,,0.279,,17128
Ryan Zimmerman,WSN,86,58,89.1,110,9.1,1,1.70%,28,48.30%,0.213,,0.373,,0.291,,4220
Socrates Brito,TOR,34,16,89.1,106.3,1.8,1,6.30%,8,50.00%,0.067,,0.133,,0.152,,12944
Jorge Polanco,MIN,113,83,89.1,108.1,23.2,9,10.80%,36,43.40%,0.32,,0.6,,0.406,,13152
Willy Adames,TBR,98,61,89.1,108.9,5,5,8.20%,25,41.00%,0.2,,0.3,,0.248,,15986
Marcus Semien,OAK,139,105,89,106,12.4,5,4.80%,38,36.20%,0.311,,0.475,,0.366,,12533
Christian Vazquez,BOS,79,58,89,105.7,15.4,4,6.90%,20,34.50%,0.222,,0.431,,0.286,,9774
Kevin Kiermaier,TBR,103,73,89,110.5,6.1,5,6.80%,30,41.10%,0.266,,0.457,,0.322,,11038
Jose Altuve,HOU,128,93,89,109.3,15.5,10,10.80%,39,41.90%,0.248,,0.513,,0.349,,5417
Travis d'Arnaud,NYM,25,18,88.9,105.4,16.5,1,5.60%,5,27.80%,0.087,,0.087,,0.125,,7739
Hanley Ramirez,CLE,57,32,88.9,113.8,6.3,2,6.30%,14,43.80%,0.184,,0.327,,0.278,,8001
Anthony Rizzo,CHC,124,81,88.9,113.2,15.1,9,11.10%,27,33.30%,0.228,,0.485,,0.365,,3473
Jesus Sucre,BAL,67,49,88.9,102.5,5.3,0,0.00%,13,26.50%,0.21,,0.242,,0.231,,5942
Jonathan Villar,BAL,135,100,88.9,110.2,8.7,4,4.00%,38,38.00%,0.262,,0.402,,0.314,,10071
Justin Bour,LAA,91,55,88.8,112.5,12.3,4,7.30%,22,40.00%,0.175,,0.325,,0.264,,9744
John Ryan Murphy,ARI,41,23,88.8,109.5,21,3,13.00%,7,30.40%,0.222,,0.5,,0.341,,10346
David Dahl,COL,89,55,88.8,107.1,12.6,10,18.20%,19,34.50%,0.321,,0.543,,0.375,,13744
Willson Contreras,CHC,98,52,88.8,113,12,7,13.50%,22,42.30%,0.288,,0.625,,0.427,,11609
Jake Cave,MIN,38,25,88.8,111.5,1.3,0,0.00%,7,28.00%,0.206,,0.235,,0.242,,14477
Maikel Franco,PHI,118,92,88.8,114.1,19.3,9,9.80%,35,38.00%,0.252,,0.505,,0.327,,12179
Joey Votto,CIN,110,66,88.7,106.9,21.2,6,9.10%,24,36.40%,0.245,,0.415,,0.33,,4314
Corey Seager,LAD,126,83,88.7,109.7,16.6,5,6.00%,33,39.80%,0.236,,0.364,,0.303,,13624
Jorge Soler,KCR,120,66,88.7,115.1,15.1,7,10.60%,26,39.40%,0.227,,0.482,,0.316,,14221
Rio Ruiz,BAL,106,70,88.6,107.8,8.5,0,0.00%,28,40.00%,0.228,,0.315,,0.284,,14103
Mikie Mahtook,DET,25,12,88.6,106.9,30.3,2,16.70%,3,25.00%,0,,0,,0.055,,13130
Eugenio Suarez,CIN,115,74,88.6,110.1,13.6,8,10.80%,29,39.20%,0.23,,0.49,,0.335,,12552
Eloy Jimenez,CHW,85,54,88.6,111.3,7.9,3,5.60%,20,37.00%,0.241,,0.38,,0.289,,17484
Austin Dean,MIA,23,14,88.6,105.8,9.5,1,7.10%,3,21.40%,0.227,,0.455,,0.266,,18288
Hernan Perez,MIL,56,31,88.6,111.8,14.6,1,3.20%,11,35.50%,0.212,,0.404,,0.284,,5751
Mitch Haniger,SEA,142,88,88.6,108.3,16,8,9.10%,33,37.50%,0.244,,0.52,,0.351,,14274
Odubel Herrera,PHI,69,52,88.6,112.8,13.6,4,7.70%,16,30.80%,0.27,,0.381,,0.3,,11476
Welington Castillo,CHW,60,38,88.6,110.7,10.4,3,7.90%,17,44.70%,0.204,,0.367,,0.32,,3256
Max Muncy,LAD,110,63,88.6,109.2,19.9,5,7.90%,23,36.50%,0.247,,0.462,,0.337,,13301
Andrew Benintendi,BOS,118,78,88.5,107.7,15.2,5,6.40%,26,33.30%,0.265,,0.412,,0.323,,17901
Neil Walker,MIA,88,59,88.5,106.2,10.5,5,8.50%,24,40.70%,0.256,,0.423,,0.329,,7539
Albert Pujols,LAA,107,79,88.5,110.5,18.2,5,6.30%,34,43.00%,0.22,,0.396,,0.306,,1177
Freddy Galvis,TOR,99,75,88.5,105.4,15.1,6,8.00%,28,37.30%,0.313,,0.51,,0.352,,6609
Leury Garcia,CHW,111,75,88.5,106.8,7,3,4.00%,20,26.70%,0.284,,0.382,,0.312,,5913
Jedd Gyorko,STL,22,10,88.5,103.5,24.7,0,0.00%,3,30.00%,0.1,,0.1,,0.142,,10816
Chad Pinder,OAK,95,73,88.5,110,7.1,3,4.10%,23,31.50%,0.281,,0.449,,0.321,,15191
Jonathan Lucroy,LAA,93,77,88.5,108.3,9.6,2,2.60%,32,41.60%,0.256,,0.349,,0.288,,7870
Alex Bregman,HOU,122,80,88.5,105.9,22.3,4,5.00%,29,36.30%,0.271,,0.479,,0.38,,17678
Mark Canha,OAK,53,28,88.5,107.8,27.3,2,7.10%,8,28.60%,0.2,,0.375,,0.335,,11445
Guillermo Heredia,TBR,33,17,88.5,107.7,9.1,1,5.90%,4,23.50%,0.16,,0.32,,0.292,,18721
Christin Stewart,DET,64,40,88.4,109.9,24.4,7,17.50%,15,37.50%,0.222,,0.519,,0.332,,17714
Tommy La Stella,LAA,90,73,88.4,105.7,14.7,4,5.50%,24,32.90%,0.25,,0.539,,0.372,,12371
Martin Maldonado,KCR,83,60,88.4,106.2,12.1,4,6.70%,19,31.70%,0.176,,0.257,,0.232,,6887
Chris Owings,KCR,104,62,88.4,106.9,7.2,4,6.50%,19,30.60%,0.156,,0.271,,0.215,,10030
Stevie Wilkerson,BAL,21,13,88.3,104.3,13.4,1,7.70%,7,53.80%,0.19,,0.381,,0.233,,16041
Asdrubal Cabrera,TEX,89,61,88.3,106.8,17.1,3,4.90%,21,34.40%,0.235,,0.481,,0.32,,4962
Randal Grichuk,TOR,119,76,88.3,111.4,14.5,7,9.20%,28,36.80%,0.245,,0.418,,0.306,,10243
Eduardo Escobar,ARI,124,83,88.3,106.5,13.8,4,4.80%,25,30.10%,0.303,,0.541,,0.384,,6153
Tim Anderson,CHW,99,75,88.3,107.8,8.5,5,6.70%,27,36.00%,0.375,,0.615,,0.42,,15172
Tucker Barnhart,CIN,78,49,88.2,104.7,11.8,3,6.10%,11,22.40%,0.209,,0.328,,0.279,,10200
Omar Narvaez,SEA,101,67,88.2,106.1,18.7,4,6.00%,21,31.30%,0.291,,0.488,,0.371,,13338
Yuli Gurriel,HOU,113,91,88.2,109,14.4,1,1.10%,30,33.00%,0.24,,0.375,,0.284,,19198
Max Stassi,HOU,30,18,88.2,102.9,13.6,1,5.60%,6,33.30%,0.103,,0.207,,0.146,,10059
Tim Beckham,SEA,122,73,88.2,108.6,10.6,4,5.50%,23,31.50%,0.282,,0.527,,0.367,,7949
Jonathan Schoop,MIN,96,70,88.2,114.3,9.9,7,10.00%,27,38.60%,0.267,,0.489,,0.335,,11265
Francisco Mejia,SDP,44,29,88.2,107.5,12.7,1,3.40%,7,24.10%,0.146,,0.22,,0.19,,16403
Aledmys Diaz,HOU,41,34,88.2,109.9,7.2,2,5.90%,12,35.30%,0.205,,0.436,,0.263,,15937
Jose Rondon,CHW,43,29,88.2,110.9,11.6,1,3.40%,11,37.90%,0.268,,0.463,,0.32,,14140
Austin Hedges,SDP,68,46,88.2,108.6,18,5,10.90%,19,41.30%,0.175,,0.381,,0.254,,12976
Paul DeJong,STL,129,95,88.2,109.7,18,12,12.60%,36,37.90%,0.342,,0.607,,0.419,,18015
Scott Kingery,PHI,35,27,88.1,107.9,8.9,2,7.40%,8,29.60%,0.406,,0.719,,0.485,,17975
Richard Urena,TOR,35,26,88.1,103.4,8.3,0,0.00%,8,30.80%,0.313,,0.406,,0.316,,16411
Roman Quinn,PHI,27,11,88.1,102.3,13.1,0,0.00%,4,36.40%,0.12,,0.12,,0.148,,13546
Domingo Santana,SEA,146,94,88.1,109.5,9.1,9,9.60%,35,37.20%,0.292,,0.485,,0.356,,10348
C.J. Cron,MIN,88,64,88.1,113.6,15.2,6,9.40%,24,37.50%,0.232,,0.451,,0.308,,12546
Trey Mancini,BAL,121,86,88,112.9,11,10,11.60%,33,38.40%,0.355,,0.618,,0.42,,15149
Brandon Crawford,SFG,112,72,88,106.7,5.7,1,1.40%,24,33.30%,0.198,,0.218,,0.225,,5343
Raimel Tapia,COL,72,46,88,105.6,13,2,4.30%,13,28.30%,0.265,,0.544,,0.347,,14350
Greg Garcia,SDP,35,23,88,100.3,-0.6,0,0.00%,6,26.10%,0.214,,0.393,,0.318,,10951
Tyler O'Neill,STL,34,20,88,111.6,19.3,0,0.00%,5,25.00%,0.303,,0.455,,0.328,,15711
Jean Segura,PHI,83,65,88,109.8,5.1,2,3.10%,22,33.80%,0.329,,0.487,,0.371,,5933
Yadier Molina,STL,114,100,88,103.8,10.5,2,2.00%,36,36.00%,0.262,,0.393,,0.287,,7007
Delino DeShields,TEX,91,57,88,104,15,2,3.50%,16,28.10%,0.192,,0.301,,0.292,,11379
Joe Panik,SFG,94,74,88,106.2,12.5,3,4.10%,21,28.40%,0.202,,0.274,,0.246,,11936
Tyler Wade,NYY,52,27,87.9,106.9,4.2,0,0.00%,9,33.30%,0.227,,0.227,,0.265,,15730
Ozzie Albies,ATL,132,100,87.8,108.7,12.4,8,8.00%,29,29.00%,0.289,,0.496,,0.355,,16556
Luis Urias,SDP,29,13,87.8,103.5,6.7,1,7.70%,5,38.50%,0.083,,0.125,,0.192,,16622
Joey Wendle,TBR,25,16,87.8,103.5,13.4,1,6.30%,6,37.50%,0.136,,0.182,,0.205,,13853
Brian Dozier,WSN,101,58,87.8,106.6,10.4,4,6.90%,23,39.70%,0.184,,0.333,,0.28,,9810
Dwight Smith Jr.,BAL,114,86,87.8,111.7,9.4,4,4.70%,29,33.70%,0.276,,0.486,,0.338,,13473
Mark Reynolds,COL,67,30,87.8,109.1,14.3,3,10.00%,14,46.70%,0.189,,0.377,,0.307,,7619
Rosell Herrera,MIA,58,43,87.7,108.2,9,0,0.00%,12,27.90%,0.148,,0.185,,0.18,,11611
Danny Jansen,TOR,75,46,87.6,110.1,6.4,1,2.20%,16,34.80%,0.182,,0.242,,0.232,,16535
Andrew Knapp,PHI,29,13,87.6,102.4,17.4,1,7.70%,3,23.10%,0.174,,0.261,,0.287,,14942
Starling Marte,PIT,80,60,87.6,110.7,8.9,7,11.70%,26,43.30%,0.2,,0.4,,0.267,,9241
Logan Forsythe,TEX,94,59,87.6,105.7,12.6,4,6.80%,21,35.60%,0.278,,0.468,,0.359,,7185
Adam Eaton,WSN,126,90,87.6,109.9,16.8,2,2.20%,29,32.20%,0.296,,0.4,,0.329,,11205
Jeimer Candelario,DET,114,69,87.5,113.9,17,4,5.80%,26,37.70%,0.222,,0.293,,0.276,,13621
Leonys Martin,CLE,120,69,87.5,110.1,17.1,6,8.70%,24,34.80%,0.221,,0.404,,0.313,,11846
Chris Iannetta,COL,33,15,87.5,109,4.8,2,13.30%,6,40.00%,0.207,,0.379,,0.296,,8267
Zack Cozart,LAA,70,53,87.5,104.2,21.6,1,1.90%,13,24.50%,0.109,,0.125,,0.132,,2616
Kyle Farmer,CIN,29,20,87.4,102.8,14.5,2,10.00%,7,35.00%,0.2,,0.56,,0.333,,14813
Chad Wallach,MIA,34,21,87.4,105.1,15,2,9.50%,6,28.60%,0.276,,0.414,,0.348,,17161
Edwin Encarnacion,SEA,125,78,87.3,112.7,19,8,10.30%,22,28.20%,0.238,,0.485,,0.366,,2151
Matt Kemp,CIN,62,42,87.3,104.7,13.6,1,2.40%,12,28.60%,0.2,,0.283,,0.208,,5631
Austin Barnes,LAD,87,58,87.2,107.9,13.3,4,6.90%,14,24.10%,0.205,,0.37,,0.298,,12158
Adam Engel,CHW,45,25,87.2,110.5,11.2,2,8.00%,8,32.00%,0.171,,0.293,,0.226,,15082
Manuel Margot,SDP,84,66,87.2,106.1,22.2,2,3.00%,22,33.30%,0.253,,0.386,,0.272,,14712
Nolan Arenado,COL,129,109,87.2,107.1,16.9,5,4.60%,39,35.80%,0.271,,0.5,,0.335,,9777
Francisco Lindor,CLE,38,29,87.2,113.5,15.4,1,3.40%,8,27.60%,0.243,,0.486,,0.29,,12916
Jake Bauers,CLE,99,67,87.2,108.8,14,4,6.00%,19,28.40%,0.241,,0.379,,0.304,,15194
Keon Broxton,NYM,45,22,87.1,109.4,4.5,0,0.00%,8,36.40%,0.146,,0.146,,0.177,,9253
Lewis Brinson,MIA,82,49,87.1,112.1,14.2,3,6.10%,18,36.70%,0.197,,0.263,,0.226,,14352
Adam Frazier,PIT,105,79,87.1,106.1,13.3,3,3.80%,23,29.10%,0.258,,0.344,,0.301,,15223
Orlando Arcia,MIL,105,74,87,109.2,4.6,4,5.40%,22,29.70%,0.235,,0.398,,0.282,,13185
Yan Gomes,WSN,70,43,87,107.1,13.1,2,4.70%,15,34.90%,0.254,,0.381,,0.309,,9627
Pablo Reyes,PIT,39,22,87,111.4,17.2,0,0.00%,5,22.70%,0.139,,0.139,,0.165,,16357
Albert Almora Jr.,CHC,76,57,86.9,109.6,7.2,1,1.80%,16,28.10%,0.261,,0.319,,0.272,,14109
Robbie Grossman,OAK,89,60,86.9,103.7,17.2,1,1.70%,18,30.00%,0.221,,0.377,,0.307,,5254
Eric Sogard,TOR,49,39,86.9,101.6,17.2,0,0.00%,11,28.20%,0.395,,0.698,,0.476,,7927
Kolten Wong,STL,113,76,86.9,107.2,14.6,2,2.60%,20,26.30%,0.272,,0.467,,0.363,,12532
Blake Swihart,- - -,42,26,86.9,106.6,5.6,2,7.70%,9,34.60%,0.184,,0.289,,0.245,,13176
Jeff Mathis,TEX,51,33,86.9,105.5,18.3,1,3.00%,8,24.20%,0.17,,0.234,,0.212,,3448
Martin Prado,MIA,73,60,86.8,103.6,6.9,0,0.00%,19,31.70%,0.294,,0.397,,0.3,,3312
Josh Reddick,HOU,99,80,86.7,107.4,13.7,3,3.80%,24,30.00%,0.352,,0.484,,0.377,,3892
Josh Phegley,OAK,68,51,86.7,103.1,28.7,2,3.90%,17,33.30%,0.262,,0.477,,0.321,,9308
Daniel Murphy,COL,38,31,86.7,102.6,21.7,0,0.00%,8,25.80%,0.242,,0.515,,0.358,,4316
Nick Ahmed,ARI,122,89,86.7,102.7,7,3,3.40%,23,25.80%,0.259,,0.402,,0.294,,12147
David Freese,LAD,53,33,86.7,110,5.5,4,12.10%,13,39.40%,0.233,,0.465,,0.361,,9549
Derek Dietrich,CIN,65,42,86.6,110.2,20.2,5,11.90%,10,23.80%,0.204,,0.537,,0.348,,10542
Tyler White,HOU,55,27,86.5,111.4,5.7,1,3.70%,8,29.60%,0.261,,0.304,,0.315,,15564
Nick Williams,PHI,40,24,86.5,109.9,11.8,2,8.30%,10,41.70%,0.167,,0.306,,0.245,,14330
Colin Moran,PIT,63,44,86.5,109.9,13.6,4,9.10%,16,36.40%,0.268,,0.429,,0.328,,16909
JB Shuck,PIT,56,37,86.5,104,0.7,0,0.00%,10,27.00%,0.196,,0.239,,0.268,,6677
Erik Kratz,SFG,34,25,86.4,107.8,20.9,0,0.00%,8,32.00%,0.133,,0.3,,0.237,,4403
Dominic Smith,NYM,34,21,86.4,100.9,15.6,0,0.00%,5,23.80%,0.37,,0.444,,0.419,,15653
Ildemaro Vargas,ARI,40,33,86.4,105.6,2,1,3.00%,7,21.20%,0.2,,0.35,,0.227,,13324
Willians Astudillo,MIN,53,50,86.4,106.9,11.1,3,6.00%,19,38.00%,0.327,,0.531,,0.356,,15608
Eric Stamets,CLE,48,19,86.3,104.3,24.6,1,5.30%,4,21.10%,0.049,,0.073,,0.118,,13795
Lorenzo Cain,MIL,133,100,86.3,110,6.9,6,6.00%,33,33.00%,0.273,,0.413,,0.318,,9077
Robinson Chirinos,HOU,85,49,86.3,105.2,23.3,3,6.10%,15,30.60%,0.261,,0.493,,0.357,,3142
Mark Zagunis,CHC,29,16,86.2,103.1,0.7,0,0.00%,7,43.80%,0.25,,0.357,,0.27,,16565
Curt Casali,CIN,41,26,86.2,99.7,7.4,2,7.70%,7,26.90%,0.289,,0.421,,0.326,,12510
Erik Gonzalez,PIT,59,40,86.2,112.8,3.7,0,0.00%,8,20.00%,0.216,,0.294,,0.241,,13369
Brian Goodwin,LAA,95,62,86.1,111.4,16.6,5,8.10%,20,32.30%,0.338,,0.575,,0.414,,12858
Dylan Moore,SEA,40,20,86.1,104.9,9.9,1,5.00%,6,30.00%,0.2,,0.314,,0.275,,18042
Eduardo Nunez,BOS,46,37,86.1,109.6,8.7,0,0.00%,8,21.60%,0.159,,0.182,,0.158,,6848
Scott Schebler,CIN,88,48,86,108.4,9.1,2,4.20%,11,22.90%,0.135,,0.243,,0.241,,12225
Miguel Rojas,MIA,96,80,86,108.1,9.5,1,1.30%,17,21.30%,0.276,,0.345,,0.297,,7802
Charlie Blackmon,COL,133,101,85.9,105.9,14.6,7,6.90%,37,36.60%,0.279,,0.459,,0.332,,7859
Josh Harrison,DET,99,73,85.8,105,19,2,2.70%,20,27.40%,0.156,,0.233,,0.197,,8202
Manny Pina,MIL,31,18,85.7,104.7,21.2,0,0.00%,4,22.20%,0.154,,0.192,,0.237,,2829
Wilmer Flores,ARI,87,72,85.7,106.3,16.3,1,1.40%,17,23.60%,0.241,,0.329,,0.274,,5827
Greg Allen,CLE,42,25,85.7,102.7,11.3,0,0.00%,6,24.00%,0.105,,0.158,,0.149,,16623
Dee Gordon,SEA,119,95,85.6,102.4,12.4,0,0.00%,19,20.00%,0.306,,0.407,,0.313,,8203
Brian McCann,ATL,48,37,85.6,108.2,4.8,3,8.10%,11,29.70%,0.325,,0.45,,0.367,,4810
Ian Kinsler,SDP,91,66,85.6,103.5,19.4,0,0.00%,16,24.20%,0.133,,0.241,,0.201,,6195
Ben Zobrist,CHC,82,62,85.5,105.1,3.1,1,1.60%,14,22.60%,0.239,,0.254,,0.269,,7435
Pat Valaika,COL,31,14,85.5,110.1,23.6,0,0.00%,2,14.30%,0.074,,0.111,,0.156,,14885
Grayson Greiner,DET,77,50,85.5,107.4,12.3,1,2.00%,16,32.00%,0.222,,0.375,,0.277,,17062
Jurickson Profar,OAK,112,88,85.4,108.2,10.2,5,5.70%,24,27.30%,0.165,,0.272,,0.216,,10815
Francisco Cervelli,PIT,88,56,85.3,106.8,12.3,0,0.00%,12,21.40%,0.175,,0.238,,0.222,,5275
Greg Bird,NYY,41,19,85.3,108,7.8,1,5.30%,7,36.80%,0.171,,0.257,,0.254,,14131
Steven Duggar,SFG,117,75,85.2,106.8,6.6,3,4.00%,23,30.70%,0.222,,0.361,,0.265,,17719
Wilmer Difo,WSN,82,57,85.2,102.2,11,0,0.00%,15,26.30%,0.247,,0.356,,0.286,,14320
Mallex Smith,SEA,110,65,85.2,102.8,4.9,1,1.50%,11,16.90%,0.165,,0.247,,0.227,,13608
Cesar Hernandez,PHI,121,94,85.2,107.1,9.4,2,2.10%,24,25.50%,0.266,,0.394,,0.308,,10556
Peter Bourjos,LAA,46,30,85.1,109.8,20.9,1,3.30%,5,16.70%,0.091,,0.114,,0.098,,2578
Victor Robles,WSN,114,73,85,110.3,21.9,4,5.50%,19,26.00%,0.255,,0.481,,0.326,,18363
Billy McKinney,TOR,92,67,85,107.4,16,3,4.50%,20,29.90%,0.229,,0.337,,0.265,,15654
Dexter Fowler,STL,94,60,84.8,111.1,10,1,1.70%,17,28.30%,0.313,,0.425,,0.368,,4062
Hanser Alberto,BAL,74,64,84.8,101.8,9.8,1,1.60%,11,17.20%,0.324,,0.38,,0.308,,11902
Isaac Galloway,MIA,38,32,84.8,105.7,13.6,1,3.10%,8,25.00%,0.211,,0.237,,0.192,,5238
Tony Kemp,HOU,45,32,84.8,99.1,17,1,3.10%,4,12.50%,0.179,,0.333,,0.266,,14894
Gerardo Parra,SFG,96,68,84.6,102,7.7,1,1.50%,15,22.10%,0.188,,0.259,,0.23,,8553
Dustin Peterson,DET,47,30,84.5,105.9,11,0,0.00%,11,36.70%,0.227,,0.318,,0.259,,15189
Nick Hundley,OAK,44,33,84.5,108.6,15.8,0,0.00%,8,24.20%,0.19,,0.214,,0.198,,3376
Adam Jones,ARI,126,95,84.3,106,12.9,6,6.30%,25,26.30%,0.286,,0.5,,0.36,,6368
Kevin Pillar,- - -,111,87,84.3,111.7,16.8,6,6.90%,21,24.10%,0.204,,0.379,,0.249,,12434
Ehire Adrianza,MIN,42,30,84.3,106.9,13.1,1,3.30%,7,23.30%,0.176,,0.265,,0.256,,8418
David Fletcher,LAA,94,84,84.1,102.3,9.4,0,0.00%,19,22.60%,0.307,,0.409,,0.323,,17992
Joey Rickard,BAL,95,61,84.1,102.2,20,1,1.60%,11,18.00%,0.198,,0.36,,0.272,,13277
Garrett Hampson,COL,81,57,84,103.9,15.1,0,0.00%,11,19.30%,0.182,,0.273,,0.2,,19262
Tony Wolters,COL,69,51,83.9,103.4,8.2,0,0.00%,10,19.60%,0.267,,0.367,,0.295,,11470
Cedric Mullins II,BAL,74,53,83.8,110.3,14.7,0,0.00%,8,15.10%,0.094,,0.156,,0.159,,17929
Jordan Luplow,CLE,21,9,83.7,103.3,6.2,0,0.00%,4,44.40%,0.222,,0.222,,0.264,,16424
Aaron Altherr,PHI,28,19,83.5,113.5,8.2,1,5.30%,5,26.30%,0.037,,0.074,,0.068,,11270
Jose Iglesias,CIN,84,67,83.5,103.4,7.6,1,1.50%,11,16.40%,0.304,,0.392,,0.31,,10231
Isiah Kiner-Falefa,TEX,59,36,83.4,102,-0.2,1,2.80%,7,19.40%,0.2,,0.24,,0.258,,16512
Pedro Severino,BAL,47,32,83.3,110.8,13.4,4,12.50%,7,21.90%,0.262,,0.571,,0.376,,14523
Chris Taylor,LAD,80,50,83.2,108,11.7,1,2.00%,11,22.00%,0.171,,0.257,,0.235,,13757
Lourdes Gurriel Jr.,TOR,44,28,82.7,106.6,15.3,2,7.10%,7,25.00%,0.175,,0.275,,0.233,,19238
Richie Martin,BAL,74,42,82.4,107.1,11,0,0.00%,12,28.60%,0.164,,0.209,,0.209,,17736
Jarrod Dyson,ARI,75,53,82.2,102.3,2.1,1,1.90%,14,26.40%,0.313,,0.5,,0.38,,4866
Jose Peraza,CIN,92,70,81.9,105.5,20.9,1,1.40%,11,15.70%,0.202,,0.303,,0.228,,13593
Yangervis Solarte,SFG,68,52,81.6,106.8,9.3,2,3.80%,10,19.20%,0.238,,0.365,,0.272,,5352
Jon Berti,MIA,23,13,81,104.5,4.9,0,0.00%,5,38.50%,0.158,,0.158,,0.203,,12037
Alen Hanson,TOR,45,25,81,99.5,5.2,0,0.00%,5,20.00%,0.175,,0.175,,0.186,,12926
Daniel Palka,CHW,42,20,80.9,110.3,14.1,1,5.00%,3,15.00%,0.029,,0.029,,0.136,,14897
Ender Inciarte,ATL,101,69,80.7,103.3,2.4,1,1.40%,13,18.80%,0.233,,0.356,,0.287,,4922
Luke Maile,TOR,38,24,80.3,104.5,15.3,1,4.20%,8,33.30%,0.147,,0.265,,0.212,,13355
Cam Gallagher,KCR,27,23,79.4,102.4,16.4,0,0.00%,4,17.40%,0.154,,0.154,,0.154,,12981
Billy Hamilton,KCR,84,56,79.2,99.1,10.9,0,0.00%,4,7.10%,0.216,,0.284,,0.259,,10199
